No. of nodes,Tool
7774,panaroo
12,panaroo
3,panaroo
1,panaroo
2,panaroo
1,panaroo
1,panaroo
1,panaroo
1,panaroo
1,panaroo
168,panaroo
1,panaroo
1,panaroo
1,panaroo
2,panaroo
2,panaroo
1,panaroo
1,panaroo
1,panaroo
109,panaroo
11,panaroo
1,panaroo
1,panaroo
1,panaroo
1,panaroo
1,panaroo
1,panaroo
1,panaroo
1,panaroo
1,panaroo
1,panaroo
1,panaroo
2,panaroo
6,panaroo
1,panaroo
1,panaroo
1,panaroo
4,panaroo
1,panaroo
1,panaroo
1,panaroo
1,panaroo
1,panaroo
2,panaroo
2,panaroo
10,panaroo
1,panaroo
1,panaroo
1,panaroo
13,panaroo
1,panaroo
3,panaroo
1,panaroo
1,panaroo
1,panaroo
1,panaroo
1,panaroo
7,panaroo
1,panaroo
1,panaroo
16,panaroo
1,panaroo
1,panaroo
1,panaroo
3,panaroo
2,panaroo
29,panaroo
2,panaroo
2,panaroo
2,panaroo
1,panaroo
7,panaroo
1,panaroo
1,panaroo
1,panaroo
2,panaroo
1,panaroo
1,panaroo
3,panaroo
3,panaroo
1,panaroo
1,panaroo
1,panaroo
2,panaroo
1,panaroo
1,panaroo
2,panaroo
7,panaroo
1,panaroo
1,panaroo
1,panaroo
7,panaroo
1,panaroo
2,panaroo
1,panaroo
1,panaroo
1,panaroo
1,panaroo
18,panaroo
1,panaroo
1,panaroo
2,panaroo
1,panaroo
1,panaroo
1,panaroo
1,panaroo
1,panaroo
8,panaroo
1,panaroo
1,panaroo
1,panaroo
1,panaroo
1,panaroo
7170,PPanGGOLiN
3,PPanGGOLiN
9,PPanGGOLiN
1,PPanGGOLiN
10,PPanGGOLiN
1,PPanGGOLiN
3,PPanGGOLiN
1,PPanGGOLiN
1,PPanGGOLiN
31,PPanGGOLiN
1,PPanGGOLiN
1,PPanGGOLiN
1,PPanGGOLiN
13,PPanGGOLiN
1,PPanGGOLiN
1,PPanGGOLiN
1,PPanGGOLiN
1,PPanGGOLiN
1,PPanGGOLiN
3,PPanGGOLiN
1,PPanGGOLiN
1,PPanGGOLiN
1,PPanGGOLiN
1,PPanGGOLiN
1,PPanGGOLiN
1,PPanGGOLiN
1,PPanGGOLiN
1,PPanGGOLiN
1,PPanGGOLiN
1,PPanGGOLiN
1,PPanGGOLiN
1,PPanGGOLiN
1,PPanGGOLiN
1,PPanGGOLiN
1,PPanGGOLiN
1,PPanGGOLiN
1,PPanGGOLiN
1,PPanGGOLiN
1,PPanGGOLiN
1,PPanGGOLiN
1,PPanGGOLiN
1,PPanGGOLiN
1,PPanGGOLiN
24,ggcaller
9,ggcaller
5793,ggcaller
22,ggcaller
26,ggcaller
7,ggcaller
1,ggcaller
26,ggcaller
17,ggcaller
38,ggcaller
5,ggcaller
1,ggcaller
30,ggcaller
1,ggcaller
1,ggcaller
130,ggcaller
1,ggcaller
110,ggcaller
14,ggcaller
1,ggcaller
1,ggcaller
39,ggcaller
16,ggcaller
21,ggcaller
145,ggcaller
45,ggcaller
4,ggcaller
1,ggcaller
155,ggcaller
1,ggcaller
1,ggcaller
8,ggcaller
1,ggcaller
38,ggcaller
1,ggcaller
1,ggcaller
1,ggcaller
1,ggcaller
30,ggcaller
5,ggcaller
20,ggcaller
1,ggcaller
13,ggcaller
2,ggcaller
17,ggcaller
1,ggcaller
8,ggcaller
1,ggcaller
46,ggcaller
3,ggcaller
1,ggcaller
1,ggcaller
1,ggcaller
4,ggcaller
3,ggcaller
1,ggcaller
1,ggcaller
1,ggcaller
7,ggcaller
4,ggcaller
1,ggcaller
1,ggcaller
20,ggcaller
6,ggcaller
1,ggcaller
1,ggcaller
1,ggcaller
1,ggcaller
1,ggcaller
1,ggcaller
1,ggcaller
1,ggcaller
1,ggcaller
1,ggcaller
1,ggcaller
1,ggcaller
1,ggcaller
1,ggcaller
1,ggcaller
8,ggcaller
1,ggcaller
1,ggcaller
1,ggcaller
1,ggcaller
1,ggcaller
1,ggcaller
1,ggcaller
9,ggcaller
1,ggcaller
9,ggcaller
3,ggcaller
1,ggcaller
1,ggcaller
3,ggcaller
1,ggcaller
1,ggcaller
3,ggcaller
1,ggcaller
1,ggcaller
1,ggcaller
1,ggcaller
1,ggcaller
1,ggcaller
1,ggcaller
3,ggcaller
4,ggcaller
3,ggcaller
1,ggcaller
1,ggcaller
1,ggcaller
1,ggcaller
3,ggcaller
12,ggcaller
1,ggcaller
1,ggcaller
1,ggcaller
1,ggcaller
1,ggcaller
1,ggcaller
3,ggcaller
1,ggcaller
1,ggcaller
1,ggcaller
2,ggcaller
1,ggcaller
1,ggcaller
1,ggcaller
1,ggcaller
16,ggcaller
1,ggcaller
1,ggcaller
1,ggcaller
1,ggcaller
5,ggcaller
1,ggcaller
3,ggcaller
5,ggcaller
1,ggcaller
1,ggcaller
1,ggcaller
1,ggcaller
7,ggcaller
1,ggcaller
2,ggcaller
2,ggcaller
1,ggcaller
1,ggcaller
3,ggcaller
1,ggcaller
6,ggcaller
3,ggcaller
1,ggcaller
1,ggcaller
1,ggcaller
1,ggcaller
1,ggcaller
1,ggcaller
2,ggcaller
1,ggcaller
3,ggcaller
1,ggcaller
1,ggcaller
1,ggcaller
1,ggcaller
1,ggcaller
1,ggcaller
3,ggcaller
1,ggcaller
1,ggcaller
1,ggcaller
1,ggcaller
1,ggcaller
1,ggcaller
2,ggcaller
1,ggcaller
1,ggcaller
1,ggcaller
1,ggcaller
1,ggcaller
1,ggcaller
1,ggcaller
1,ggcaller
1,ggcaller
1,ggcaller
1,ggcaller
1,ggcaller
1,ggcaller
1,ggcaller
1,ggcaller
1,ggcaller
1,ggcaller
1,ggcaller
1,ggcaller
1,ggcaller
1,ggcaller
1,ggcaller
1,ggcaller
1,ggcaller
1,ggcaller
1,ggcaller
1,ggcaller
1,ggcaller
1,ggcaller
1,ggcaller
1,ggcaller
1,ggcaller
1,ggcaller
1,ggcaller
1,ggcaller
1,ggcaller
1,ggcaller
2,ggcaller
1,ggcaller
1,ggcaller
1,ggcaller
1,ggcaller
1,ggcaller
1,ggcaller
1,ggcaller
1,ggcaller
1,ggcaller
1,ggcaller
1,ggcaller
1,ggcaller
1,ggcaller
1,ggcaller
1,ggcaller
1,ggcaller
1,ggcaller
1,ggcaller
1,ggcaller
1,ggcaller
1,ggcaller
1,ggcaller
1,ggcaller
1,ggcaller
5,ggcaller
1,ggcaller
1,ggcaller
1,ggcaller
1,ggcaller
1,ggcaller
1,ggcaller
1,ggcaller
1,ggcaller
1,ggcaller
1,ggcaller
1,ggcaller
1,ggcaller
1,ggcaller
1,ggcaller
1,ggcaller
1,ggcaller
1,ggcaller
1,ggcaller
1,ggcaller
1,ggcaller
1,ggcaller
1,ggcaller
5,ggcaller
1,ggcaller
1,ggcaller
1,ggcaller
3,ggcaller
1,ggcaller
1,ggcaller
1,ggcaller
1,ggcaller
1,ggcaller
1,ggcaller
1,ggcaller
1,ggcaller
1,ggcaller
1,ggcaller
1,ggcaller
1,ggcaller
4,ggcaller
1,ggcaller
1,ggcaller
1,ggcaller
1,ggcaller
2,ggcaller
1,ggcaller
11,ggcaller
1,ggcaller
1,ggcaller
1,ggcaller
1,ggcaller
1,ggcaller
1,ggcaller
1,ggcaller
1,ggcaller
1,ggcaller
1,ggcaller
1,ggcaller
1,ggcaller
1,ggcaller
1,ggcaller
1,ggcaller
1,ggcaller
1,ggcaller
1,ggcaller
1,ggcaller
1,ggcaller
1,ggcaller
1,ggcaller
1,ggcaller
1,ggcaller
1,ggcaller
1,ggcaller
1,ggcaller
1,ggcaller
1,ggcaller
1,ggcaller
1,ggcaller
5,ggcaller
1,ggcaller
1,ggcaller
1,ggcaller
1,ggcaller
1,ggcaller
1,ggcaller
1,ggcaller
1,ggcaller
1,ggcaller
1,ggcaller
1,ggcaller
1,ggcaller
1,ggcaller
1,ggcaller
2,ggcaller
1,ggcaller
1,ggcaller
1,ggcaller
1,ggcaller
1,ggcaller
3,ggcaller
1,ggcaller
1,ggcaller
1,ggcaller
2,ggcaller
1,ggcaller
1,ggcaller
1,ggcaller
1,ggcaller
1,ggcaller
1,ggcaller
1,ggcaller
1,ggcaller
1,ggcaller
1,ggcaller
1,ggcaller
1,ggcaller
1,ggcaller
1,ggcaller
1,ggcaller
1,ggcaller
1,ggcaller
2,ggcaller
1,ggcaller
1,ggcaller
1,ggcaller
1,ggcaller
1,ggcaller
1,ggcaller
1,ggcaller
1,ggcaller
1,ggcaller
1,ggcaller
1,ggcaller
1,ggcaller
1,ggcaller
1,ggcaller
1,ggcaller
1,ggcaller
1,ggcaller
1,ggcaller
2,ggcaller
2,ggcaller
1,ggcaller
1,ggcaller
1,ggcaller
2,ggcaller
1,ggcaller
1,ggcaller
1,ggcaller
1,ggcaller
1,ggcaller
1,ggcaller
1,ggcaller
1,ggcaller
1,ggcaller
1,ggcaller
1,ggcaller
1,ggcaller
1,ggcaller
1,ggcaller
1,ggcaller
1,ggcaller
1,ggcaller
1,ggcaller
1,ggcaller
1,ggcaller
1,ggcaller
1,ggcaller
1,ggcaller
1,ggcaller
1,ggcaller
1,ggcaller
1,ggcaller
2,ggcaller
1,ggcaller
1,ggcaller
1,ggcaller
1,ggcaller
1,ggcaller
1,ggcaller
1,ggcaller
2,ggcaller
1,ggcaller
1,ggcaller
1,ggcaller
1,ggcaller
1,ggcaller
1,ggcaller
1,ggcaller
1,ggcaller
1,ggcaller
1,ggcaller
1,ggcaller
1,ggcaller
1,ggcaller
1,ggcaller
1,ggcaller
1,ggcaller
1,ggcaller
1,ggcaller
1,ggcaller
1,ggcaller
1,ggcaller
2,ggcaller
1,ggcaller
1,ggcaller
1,ggcaller
1,ggcaller
1,ggcaller
1,ggcaller
1,ggcaller
1,ggcaller
1,ggcaller
1,ggcaller
1,ggcaller
1,ggcaller
1,ggcaller
1,ggcaller
1,ggcaller
1,ggcaller
1,ggcaller
1,ggcaller
1,ggcaller
1,ggcaller
2,ggcaller
1,ggcaller
1,ggcaller
1,ggcaller
1,ggcaller
1,ggcaller
1,ggcaller
1,ggcaller
1,ggcaller
2,ggcaller
1,ggcaller
1,ggcaller
1,ggcaller
1,ggcaller
1,ggcaller
1,ggcaller
1,ggcaller
1,ggcaller
1,ggcaller
1,ggcaller
1,ggcaller
1,ggcaller
1,ggcaller
1,ggcaller
1,ggcaller
1,ggcaller
1,ggcaller
1,ggcaller
1,ggcaller
1,ggcaller
1,ggcaller
1,ggcaller
1,ggcaller
1,ggcaller
1,ggcaller
1,ggcaller
1,ggcaller
1,ggcaller
1,ggcaller
1,ggcaller
1,ggcaller
1,ggcaller
1,ggcaller
1,ggcaller
1,ggcaller
1,ggcaller
1,ggcaller
1,ggcaller
1,ggcaller
1,ggcaller
1,ggcaller
1,ggcaller
1,ggcaller
1,ggcaller
1,ggcaller
1,ggcaller
1,ggcaller
1,ggcaller
1,ggcaller
1,ggcaller
1,ggcaller
1,ggcaller
1,ggcaller
1,ggcaller
1,ggcaller
1,ggcaller
1,ggcaller
1,ggcaller
1,ggcaller
1,ggcaller
1,ggcaller
1,ggcaller
1,ggcaller
1,ggcaller
1,ggcaller
1,ggcaller
1,ggcaller
1,ggcaller
1,ggcaller
1,ggcaller
1,ggcaller
1,ggcaller
1,ggcaller
1,ggcaller
1,ggcaller
1,ggcaller
1,ggcaller
1,ggcaller
1,ggcaller
1,ggcaller
1,ggcaller
1,ggcaller
1,ggcaller
1,ggcaller
1,ggcaller
1,ggcaller
1,ggcaller
1,ggcaller
1,ggcaller
1,ggcaller
1,ggcaller
1,ggcaller
1,ggcaller
1,ggcaller
1,ggcaller
1,ggcaller
1,ggcaller
1,ggcaller
1,ggcaller
1,ggcaller
1,ggcaller
1,ggcaller
1,ggcaller
1,ggcaller
1,ggcaller
1,ggcaller
1,ggcaller
1,ggcaller
1,ggcaller
1,ggcaller
1,ggcaller
1,ggcaller
1,ggcaller
1,ggcaller
1,ggcaller
1,ggcaller
1,ggcaller
1,ggcaller
1,ggcaller
1,ggcaller
1,ggcaller
1,ggcaller
1,ggcaller
1,ggcaller
1,ggcaller
1,ggcaller
1,ggcaller
1,ggcaller
1,ggcaller
1,ggcaller
1,ggcaller
1,ggcaller
1,ggcaller
1,ggcaller
1,ggcaller
1,ggcaller
1,ggcaller
1,ggcaller
1,ggcaller
3,ggcaller
1,ggcaller
1,ggcaller
1,ggcaller
1,ggcaller
1,ggcaller
1,ggcaller
1,ggcaller
1,ggcaller
1,ggcaller
1,ggcaller
1,ggcaller
1,ggcaller
1,ggcaller
1,ggcaller
1,ggcaller
1,ggcaller
1,ggcaller
1,ggcaller
1,ggcaller
1,ggcaller
1,ggcaller
1,ggcaller
1,ggcaller
1,ggcaller
1,ggcaller
1,ggcaller
1,ggcaller
1,ggcaller
1,ggcaller
1,ggcaller
1,ggcaller
1,ggcaller
1,ggcaller
1,ggcaller
1,ggcaller
1,ggcaller
1,ggcaller
1,ggcaller
1,ggcaller
1,ggcaller
1,ggcaller
1,ggcaller
1,ggcaller
1,ggcaller
1,ggcaller
1,ggcaller
1,ggcaller
1,ggcaller
1,ggcaller
1,ggcaller
1,ggcaller
1,ggcaller
1,ggcaller
1,ggcaller
1,ggcaller
1,ggcaller
1,ggcaller
1,ggcaller
1,ggcaller
1,ggcaller
1,ggcaller
1,ggcaller
1,ggcaller
1,ggcaller
1,ggcaller
1,ggcaller
1,ggcaller
1,ggcaller
1,ggcaller
1,ggcaller
1,ggcaller
1,ggcaller
1,ggcaller
1,ggcaller
1,ggcaller
1,ggcaller
1,ggcaller
1,ggcaller
1,ggcaller
1,ggcaller
1,ggcaller
1,ggcaller
1,ggcaller
1,ggcaller
1,ggcaller
2,ggcaller
1,ggcaller
1,ggcaller
1,ggcaller
1,ggcaller
1,ggcaller
1,ggcaller
1,ggcaller
1,ggcaller
1,ggcaller
2,ggcaller
1,ggcaller
1,ggcaller
1,ggcaller
1,ggcaller
1,ggcaller
1,ggcaller
1,ggcaller
1,ggcaller
1,ggcaller
1,ggcaller
1,ggcaller
1,ggcaller
1,ggcaller
1,ggcaller
1,ggcaller
1,ggcaller
1,ggcaller
1,ggcaller
1,ggcaller
1,ggcaller
1,ggcaller
1,ggcaller
1,ggcaller
60206,bifrost
22,bifrost
1,bifrost
1,bifrost
1,bifrost
1,bifrost
1,bifrost
1,bifrost
1,bifrost
1,bifrost
1,bifrost
1,bifrost
1,bifrost
1,bifrost
1,bifrost
1,bifrost
1,bifrost
1,bifrost
1,bifrost
1,bifrost
1,bifrost
1,bifrost
1,bifrost
1,bifrost
4,bifrost
1,bifrost
1,bifrost
1,bifrost
1,bifrost
4,bifrost
1,bifrost
1,bifrost
1,bifrost
3,bifrost
1,bifrost
1,bifrost
1,bifrost
306,bifrost
61,bifrost
1,bifrost
1,bifrost
1,bifrost
1,bifrost
1,bifrost
7,bifrost
1,bifrost
1,bifrost
1,bifrost
1,bifrost
1,bifrost
1,bifrost
1,bifrost
1,bifrost
1,bifrost
1,bifrost
1,bifrost
1,bifrost
1,bifrost
1,bifrost
1,bifrost
1,bifrost
1,bifrost
1,bifrost
1,bifrost
1,bifrost
1,bifrost
1,bifrost
1,bifrost
1,bifrost
76,bifrost
1,bifrost
1,bifrost
1,bifrost
1,bifrost
1,bifrost
1,bifrost
1,bifrost
1,bifrost
1,bifrost
1,bifrost
1,bifrost
108,bifrost
1,bifrost
1,bifrost
1,bifrost
1,bifrost
1,bifrost
1,bifrost
1,bifrost
1,bifrost
1,bifrost
1,bifrost
1,bifrost
1,bifrost
1,bifrost
1,bifrost
1,bifrost
1,bifrost
1,bifrost
1,bifrost
1,bifrost
1,bifrost
1,bifrost
1,bifrost
1,bifrost
1,bifrost
1,bifrost
5,bifrost
1,bifrost
1,bifrost
1,bifrost
1,bifrost
1,bifrost
1,bifrost
1,bifrost
1,bifrost
1,bifrost
3,bifrost
1,bifrost
1,bifrost
1,bifrost
1,bifrost
1,bifrost
1,bifrost
1,bifrost
1,bifrost
1,bifrost
1,bifrost
1,bifrost
1,bifrost
1,bifrost
1,bifrost
1,bifrost
1,bifrost
1,bifrost
1,bifrost
1,bifrost
1,bifrost
1,bifrost
1,bifrost
1,bifrost
1,bifrost
1,bifrost
1,bifrost
1,bifrost
1,bifrost
1,bifrost
1,bifrost
1,bifrost
1,bifrost
1,bifrost
1,bifrost
1,bifrost
1,bifrost
5,bifrost
1,bifrost
1,bifrost
1,bifrost
1,bifrost
1,bifrost
1,bifrost
1,bifrost
5,bifrost
1,bifrost
1,bifrost
1,bifrost
1,bifrost
1,bifrost
1,bifrost
1,bifrost
1,bifrost
1,bifrost
1,bifrost
1,bifrost
1,bifrost
1,bifrost
1,bifrost
1,bifrost
1,bifrost
1,bifrost
1,bifrost
1,bifrost
1,bifrost
1,bifrost
1,bifrost
1,bifrost
1,bifrost
1,bifrost
1,bifrost
1,bifrost
1,bifrost
1,bifrost
1,bifrost
1,bifrost
1,bifrost
1,bifrost
1,bifrost
1,bifrost
3,bifrost
1,bifrost
1,bifrost
1,bifrost
1,bifrost
1,bifrost
1,bifrost
1,bifrost
1,bifrost
1,bifrost
1,bifrost
1,bifrost
1,bifrost
1,bifrost
1,bifrost
1,bifrost
1,bifrost
1,bifrost
1,bifrost
1,bifrost
1,bifrost
1,bifrost
1,bifrost
1,bifrost
1,bifrost
1,bifrost
1,bifrost
1,bifrost
1,bifrost
1,bifrost
1,bifrost
1,bifrost
1,bifrost
1,bifrost
1,bifrost
1,bifrost
1,bifrost
1,bifrost
1,bifrost
1,bifrost
1,bifrost
1,bifrost
1,bifrost
1,bifrost
1,bifrost
1,bifrost
1,bifrost
1,bifrost
1,bifrost
3,bifrost
1,bifrost
1,bifrost
1,bifrost
1,bifrost
1,bifrost
1,bifrost
1,bifrost
1,bifrost
1,bifrost
1,bifrost
1,bifrost
1,bifrost
1,bifrost
1,bifrost
1,bifrost
1,bifrost
1,bifrost
1,bifrost
1,bifrost
1,bifrost
1,bifrost
1,bifrost
1,bifrost
1,bifrost
1,bifrost
1,bifrost
1,bifrost
1,bifrost
1,bifrost
1,bifrost
1,bifrost
1,bifrost
1,bifrost
1,bifrost
1,bifrost
1,bifrost
1,bifrost
1,bifrost
1,bifrost
1,bifrost
1,bifrost
1,bifrost
1,bifrost
1,bifrost
1,bifrost
1,bifrost
1,bifrost
1,bifrost
1,bifrost
1,bifrost
1,bifrost
1,bifrost
1,bifrost
1,bifrost
1,bifrost
1,bifrost
1,bifrost
1,bifrost
1,bifrost
1,bifrost
1,bifrost
1,bifrost
1,bifrost
1,bifrost
1,bifrost
1,bifrost
1,bifrost
1,bifrost
1,bifrost
1,bifrost
1,bifrost
1,bifrost
1,bifrost
1,bifrost
1,bifrost
1,bifrost
1,bifrost
1,bifrost
1,bifrost
1,bifrost
1,bifrost
1,bifrost
1,bifrost
1,bifrost
1,bifrost
1,bifrost
1,bifrost
1,bifrost
1,bifrost
1,bifrost
1,bifrost
1,bifrost
1,bifrost
1,bifrost
1,bifrost
1,bifrost
1,bifrost
1,bifrost
1,bifrost
1,bifrost
1,bifrost
1,bifrost
1,bifrost
1,bifrost
1,bifrost
1,bifrost
1,bifrost
1,bifrost
1,bifrost
1,bifrost
1,bifrost
1,bifrost
1,bifrost
1,bifrost
1,bifrost
1,bifrost
1,bifrost
1,bifrost
1,bifrost
1,bifrost
1,bifrost
1,bifrost
1,bifrost
1,bifrost
1,bifrost
1,bifrost
1,bifrost
1,bifrost
1,bifrost
1,bifrost
1,bifrost
1,bifrost
1,bifrost
1,bifrost
1,bifrost
1,bifrost
1,bifrost
1,bifrost
1,bifrost
1,bifrost
1,bifrost
1,bifrost
1,bifrost
1,bifrost
1,bifrost
1,bifrost
1,bifrost
1,bifrost
1,bifrost
1,bifrost
1,bifrost
1,bifrost
1,bifrost
4,bifrost
1,bifrost
1,bifrost
1,bifrost
1,bifrost
1,bifrost
1,bifrost
1,bifrost
1,bifrost
1,bifrost
1,bifrost
1,bifrost
1,bifrost
1,bifrost
1,bifrost
1,bifrost
1,bifrost
1,bifrost
1,bifrost
1,bifrost
1,bifrost
1,bifrost
1,bifrost
1,bifrost
1,bifrost
1,bifrost
1,bifrost
1,bifrost
1,bifrost
1,bifrost
1,bifrost
1,bifrost
1,bifrost
1,bifrost
1,bifrost
1,bifrost
1,bifrost
1,bifrost
1,bifrost
1,bifrost
1,bifrost
1,bifrost
1,bifrost
1,bifrost
1,bifrost
1,bifrost
1,bifrost
1,bifrost
1,bifrost
1,bifrost
1,bifrost
1,bifrost
1,bifrost
1,bifrost
1,bifrost
1,bifrost
1,bifrost
1,bifrost
1,bifrost
1,bifrost
1,bifrost
1,bifrost
1,bifrost
1,bifrost
1,bifrost
1,bifrost
1,bifrost
1,bifrost
1,bifrost
1,bifrost
1,bifrost
1,bifrost
1,bifrost
1,bifrost
1,bifrost
1,bifrost
1,bifrost
144429,cuttlefish
36,cuttlefish
1,cuttlefish
6,cuttlefish
1,cuttlefish
10,cuttlefish
98,pangraph
812,pangraph
1,pangraph
1,pangraph
1,pangraph
1,pangraph
1,pangraph
1,pangraph
1,pangraph
1,pangraph
1,pangraph
1,pangraph
1,pangraph
1,pangraph
1,pangraph
1,pangraph
1,pangraph
1,pangraph
1,pangraph
1,pangraph
1,pangraph
1,pangraph
1,pangraph
1,pangraph
1,pangraph
45,pangraph
1,pangraph
1,pangraph
1,pangraph
1,pangraph
1,pangraph
1,pangraph
1,pangraph
1,pangraph
1,pangraph
1,pangraph
1,pangraph
1,pangraph
1,pangraph
1,pangraph
1,pangraph
1,pangraph
1,pangraph
1,pangraph
1,pangraph
1,pangraph
1,pangraph
1,pangraph
1,pangraph
1,pangraph
1,pangraph
1,pangraph
1,pangraph
1,pangraph
1,pangraph
1,pangraph
1,pangraph
1,pangraph
1,pangraph
1,pangraph
1,pangraph
1,pangraph
1,pangraph
1,pangraph
1,pangraph
1,pangraph
1,pangraph
1,pangraph
1,pangraph
1,pangraph
1,pangraph
1,pangraph
1,pangraph
1,pangraph
1,pangraph
1,pangraph
1,pangraph
1,pangraph
1,pangraph
1,pangraph
1,pangraph
1,pangraph
1,pangraph
1,pangraph
1,pangraph
1,pangraph
1,pangraph
1,pangraph
1,pangraph
1,pangraph
1,pangraph
1,pangraph
1,pangraph
1,pangraph
1,pangraph
1,pangraph
1,pangraph
1,pangraph
1,pangraph
1,pangraph
1,pangraph
1,pangraph
1,pangraph
1,pangraph
1,pangraph
1,pangraph
1,pangraph
1,pangraph
1,pangraph
1,pangraph
1,pangraph
1,pangraph
1,pangraph
1,pangraph
1,pangraph
1,pangraph
1,pangraph
1,pangraph
1,pangraph
1,pangraph
1,pangraph
1,pangraph
1,pangraph
1,pangraph
1,pangraph
1,pangraph
1,pangraph
1,pangraph
1,pangraph
1,pangraph
1,pangraph
1,pangraph
1,pangraph
1,pangraph
1,pangraph
3,pangraph
1,pangraph
1,pangraph
1,pangraph
1,pangraph
1,pangraph
1,pangraph
1,pangraph
1,pangraph
1,pangraph
1,pangraph
1,pangraph
1,pangraph
1,pangraph
1,pangraph
1,pangraph
1,pangraph
1,pangraph
1,pangraph
1,pangraph
1,pangraph
1,pangraph
1,pangraph
1,pangraph
1,pangraph
1,pangraph
1,pangraph
1,pangraph
1,pangraph
1,pangraph
1,pangraph
1,pangraph
1,pangraph
1,pangraph
1,pangraph
1,pangraph
1,pangraph
1,pangraph
1,pangraph
1,pangraph
1,pangraph
1,pangraph
1,pangraph
1,pangraph
1,pangraph
1,pangraph
1,pangraph
1,pangraph
1,pangraph
1,pangraph
1,pangraph
1,pangraph
1,pangraph
1,pangraph
1,pangraph
1,pangraph
1,pangraph
1,pangraph
1,pangraph
1,pangraph
1,pangraph
1,pangraph
1,pangraph
1,pangraph
1,pangraph
1,pangraph
1,pangraph
1,pangraph
1,pangraph
1,pangraph
1,pangraph
1,pangraph
1,pangraph
1,pangraph
1,pangraph
1,pangraph
1,pangraph
1,pangraph
1,pangraph
1,pangraph
1,pangraph
1,pangraph
1,pangraph
1,pangraph
1,pangraph
1,pangraph
1,pangraph
1,pangraph
1,pangraph
1,pangraph
1,pangraph
1,pangraph
1,pangraph
1,pangraph
1,pangraph
1,pangraph
1,pangraph
1,pangraph
1,pangraph
1,pangraph
1,pangraph
1,pangraph
1,pangraph
1,pangraph
1,pangraph
1,pangraph
1,pangraph
1,pangraph
1,pangraph
1,pangraph
1,pangraph
1,pangraph
1,pangraph
1,pangraph
1,pangraph
1,pangraph
1,pangraph
1,pangraph
1,pangraph
1,pangraph
1,pangraph
1,pangraph
1,pangraph
1,pangraph
1,pangraph
1,pangraph
1,pangraph
1,pangraph
1,pangraph
1,pangraph
1,pangraph
1,pangraph
1,pangraph
1,pangraph
1,pangraph
1,pangraph
1,pangraph
1,pangraph
1,pangraph
1,pangraph
1,pangraph
1,pangraph
1,pangraph
1,pangraph
1,pangraph
1,pangraph
1,pangraph
1,pangraph
1,pangraph
1,pangraph
1,pangraph
1,pangraph
1,pangraph
1,pangraph
1,pangraph
1,pangraph
1,pangraph
1,pangraph
1,pangraph
1,pangraph
1,pangraph
1,pangraph
1,pangraph
1,pangraph
1,pangraph
1,pangraph
1,pangraph
1,pangraph
1,pangraph
1,pangraph
1,pangraph
1,pangraph
1,pangraph
1,pangraph
1,pangraph
1,pangraph
1,pangraph
1,pangraph
1,pangraph
1,pangraph
1,pangraph
1,pangraph
1,pangraph
1,pangraph
1,pangraph
1,pangraph
1,pangraph
1,pangraph
1,pangraph
1,pangraph
1,pangraph
1,pangraph
1,pangraph
1,pangraph
1,pangraph
1,pangraph
1,pangraph
1,pangraph
1,pangraph
1,pangraph
1,pangraph
1,pangraph
1,pangraph
1,pangraph
1,pangraph
1,pangraph
1,pangraph
1,pangraph
1,pangraph
1,pangraph
1,pangraph
1,pangraph
1,pangraph
1,pangraph
1,pangraph
1,pangraph
1,pangraph
1,pangraph
1,pangraph
1,pangraph
1,pangraph
1,pangraph
1,pangraph
1,pangraph
1,pangraph
1,pangraph
1,pangraph
1,pangraph
1,pangraph
1,pangraph
1,pangraph
1,pangraph
1,pangraph
1,pangraph
1,pangraph
1,pangraph
1,pangraph
1,pangraph
1,pangraph
1,pangraph
1,pangraph
1,pangraph
1,pangraph
1,pangraph
